{
  "s11_metrics": {
    "center_frequency": 2.9500000476837,
    "bandwidth": 0.0,
    "min_s11_db": 0.93374162912369,
    "start_freq": 2.9500000476837,
    "stop_freq": 2.9500000476837
  },
  "farfield_metrics": null
}