{
  "center_frequency": 2.055999994278,
  "bandwidth": 0.0,
  "min_s11_db": -0.84189021587372,
  "start_freq": 2.055999994278,
  "stop_freq": 2.055999994278
}